2024-11-26 00:00:00;464099.0;2.07068943977356;poziom światła;światło
2024-11-26 00:00:00;;;poziom światła;światło
2024-11-26 00:00:00;;;poziom światła;światło
2024-11-26 00:00:00;;;poziom światła;światło
2024-11-26 00:00:00;464103.0;1.64202094078064;poziom światła;światło
2024-11-26 00:00:00;;;poziom światła;światło
2024-11-26 00:00:00;464105.0;1.43960392475128;poziom światła;światło
2024-11-26 00:00:00;464106.0;1.74190008640289;poziom światła;światło
2024-11-26 00:00:00;;;poziom światła;światło
2024-11-26 00:00:00;;;poziom światła;światło
2024-11-26 00:00:00;464109.0;0.733085572719574;poziom światła;światło
2024-11-26 00:00:00;464110.0;1.45793175697327;poziom światła;światło
2024-11-26 00:00:00;464111.0;0.692491292953491;poziom światła;światło
2024-11-26 00:00:00;;;poziom światła;światło
2024-11-26 00:00:00;464113.0;1.7309935092926;poziom światła;światło
2024-11-26 00:00:00;464114.0;1.80693459510803;poziom światła;światło
2024-11-26 00:00:00;;;poziom światła;światło
2024-11-26 00:00:00;;;poziom światła;światło
2024-11-26 00:00:00;464117.0;1.79970192909241;poziom światła;światło
2024-11-26 00:00:00;;;poziom światła;światło
2024-11-26 00:00:00;464119.0;1.94641280174255;poziom światła;światło
2024-11-26 00:00:00;;;poziom światła;światło
2024-11-26 00:00:00;464121.0;1.1466338634491;poziom światła;światło
2024-11-26 00:00:00;;;poziom światła;światło
2024-11-26 00:00:00;464123.0;1.71441948413849;poziom światła;światło
2024-11-26 00:00:00;;;poziom światła;światło
2024-11-26 00:00:00;;;poziom światła;światło
2024-11-26 00:00:00;;;poziom światła;światło
2024-11-26 00:00:00;;;poziom światła;światło
2024-11-26 00:00:00;464128.0;2.89723014831543;poziom światła;światło
2024-11-26 00:00:00;464129.0;1.05658006668091;poziom światła;światło
2024-11-26 00:00:00;;;poziom światła;światło
2024-11-26 00:00:00;464131.0;1.88092398643494;poziom światła;światło
2024-11-26 00:00:00;464132.0;0.515414953231812;poziom światła;światło
2024-11-26 00:00:00;;;poziom światła;światło
2024-11-26 00:00:00;;;poziom światła;światło
2024-11-26 00:00:00;;;poziom światła;światło
2024-11-26 00:00:00;;;poziom światła;światło
2024-11-26 00:00:00;;;poziom światła;światło
2024-11-26 00:00:00;;;poziom światła;światło
2024-11-26 00:00:00;464139.0;0.953482568264008;poziom światła;światło
2024-11-26 00:00:00;464140.0;1.58804142475128;poziom światła;światło
2024-11-26 00:00:00;464141.0;2.07068943977356;poziom światła;światło
2024-11-26 00:00:00;;;poziom światła;światło
2024-11-26 00:00:00;;;poziom światła;światło
2024-11-26 00:00:00;;;poziom światła;światło
2024-11-26 00:00:00;464145.0;2.54916143417358;poziom światła;światło
2024-11-26 00:00:00;;;poziom światła;światło
2024-11-26 00:00:00;;;poziom światła;światło
2024-11-26 00:00:00;464148.0;0.461613029241562;poziom światła;światło
2024-11-26 00:00:00;464149.0;1.72603023052216;poziom światła;światło
2024-11-26 00:00:00;464150.0;0.788346767425537;poziom światła;światło
2024-11-26 00:00:00;;;poziom światła;światło
2024-11-26 00:00:00;;;poziom światła;światło
2024-11-26 00:00:00;;;poziom światła;światło
2024-11-26 00:00:00;;;poziom światła;światło
2024-11-26 00:00:00;;;poziom światła;światło
2024-11-26 00:00:00;;;poziom światła;światło
2024-11-26 00:00:00;464157.0;0.650581955909729;poziom światła;światło
2024-11-26 00:00:00;464158.0;1.74878633022308;poziom światła;światło
2024-11-26 00:00:00;464159.0;1.28743135929108;poziom światła;światło
2024-11-26 00:00:00;;;poziom światła;światło
2024-11-26 00:00:00;;;poziom światła;światło
2024-11-26 00:00:00;464162.0;3.08925843238831;poziom światła;światło
2024-11-26 00:00:00;464163.0;1.25436496734619;poziom światła;światło
2024-11-26 00:00:00;;;poziom światła;światło
2024-11-26 00:00:00;;;poziom światła;światło
2024-11-26 00:00:00;464166.0;2.20610475540161;poziom światła;światło
2024-11-26 00:00:00;;;poziom światła;światło
2024-11-26 00:00:00;464168.0;1.71703767776489;poziom światła;światło
2024-11-26 00:00:00;;;poziom światła;światło
2024-11-26 00:00:00;464170.0;0.907269716262817;poziom światła;światło
2024-11-26 00:00:00;464171.0;0.770232617855072;poziom światła;światło
2024-11-26 00:00:00;;;poziom światła;światło
2024-11-26 00:00:00;464173.0;1.04256343841553;poziom światła;światło
2024-11-26 00:00:00;464174.0;1.35820138454437;poziom światła;światło
2024-11-26 00:00:00;;;poziom światła;światło
2024-11-26 00:00:00;;;poziom światła;światło
2024-11-26 00:00:00;464177.0;0.612597823143005;poziom światła;światło
2024-11-26 00:00:00;;;poziom światła;światło
2024-11-26 00:00:00;464179.0;0.863566756248474;poziom światła;światło
2024-11-26 00:00:00;464180.0;0.74119508266449;poziom światła;światło
2024-11-26 00:00:00;464181.0;1.60831046104431;poziom światła;światło
2024-11-26 00:00:00;464182.0;1.71441948413849;poziom światła;światło
2024-11-26 00:00:00;;;poziom światła;światło
2024-11-26 00:00:00;464184.0;1.67103624343872;poziom światła;światło
2024-11-26 00:00:00;464185.0;2.35227990150452;poziom światła;światło
2024-11-26 00:00:00;;;poziom światła;światło
2024-11-26 00:00:00;464187.0;0.794674217700958;poziom światła;światło
2024-11-26 00:00:00;464188.0;1.32517468929291;poziom światła;światło
2024-11-26 00:00:00;464189.0;1.94778144359589;poziom światła;światło
2024-11-26 00:00:00;;;poziom światła;światło
2024-11-26 00:00:00;;;poziom światła;światło
2024-11-26 00:00:00;464192.0;0.941626071929932;poziom światła;światło
2024-11-26 00:00:00;464193.0;1.63082563877106;poziom światła;światło
2024-11-26 00:00:00;464194.0;0.579518496990204;poziom światła;światło
2024-11-26 00:00:00;;;poziom światła;światło
2024-11-26 00:00:00;;;poziom światła;światło
2024-11-26 00:00:00;;;poziom światła;światło
2024-11-26 00:00:00;464198.0;0.546221971511841;poziom światła;światło
2024-11-26 00:00:00;;;poziom światła;światło
2024-11-26 00:00:00;;;poziom światła;światło
2024-11-26 00:00:00;464201.0;1.14442574977875;poziom światła;światło
2024-11-26 00:00:00;;;poziom światła;światło
2024-11-26 00:00:00;;;poziom światła;światło
2024-11-26 00:00:00;464204.0;0.917721033096313;poziom światła;światło
2024-11-26 00:00:00;464205.0;0.815801560878754;poziom światła;światło
2024-11-26 00:00:00;;;poziom światła;światło
2024-11-26 00:00:00;;;poziom światła;światło
2024-11-26 00:00:00;464208.0;0.499349147081375;poziom światła;światło
2024-11-26 00:00:00;;;poziom światła;światło
2024-11-26 00:00:00;;;poziom światła;światło
2024-11-26 00:00:00;;;poziom światła;światło
2024-11-26 00:00:00;;;poziom światła;światło
2024-11-26 00:00:00;;;poziom światła;światło
2024-11-26 00:00:00;464214.0;0.679751634597778;poziom światła;światło
2024-11-26 00:00:00;464215.0;0.499349147081375;poziom światła;światło
2024-11-26 00:00:00;464216.0;0.530444443225861;poziom światła;światło
2024-11-26 00:00:00;;;poziom światła;światło
2024-11-26 00:00:00;464218.0;0.471632689237595;poziom światła;światło
2024-11-26 00:00:00;;;poziom światła;światło
2024-11-26 00:00:00;;;poziom światła;światło
2024-11-26 00:00:00;;;poziom światła;światło
2024-11-26 00:00:00;464222.0;0.74119508266449;poziom światła;światło
2024-11-26 00:00:00;464223.0;1.45793175697327;poziom światła;światło
2024-11-26 00:00:00;;;poziom światła;światło
2024-11-26 00:00:00;464225.0;0.865038335323334;poziom światła;światło
2024-11-26 00:00:00;;;poziom światła;światło
2024-11-26 00:00:00;464227.0;1.31831181049347;poziom światła;światło
2024-11-26 00:00:00;;;poziom światła;światło
2024-11-26 00:00:00;;;poziom światła;światło
2024-11-26 00:00:00;464230.0;1.1466338634491;poziom światła;światło
2024-11-26 00:00:00;;;poziom światła;światło
2024-11-26 00:00:00;;;poziom światła;światło
2024-11-26 00:00:00;;;poziom światła;światło
2024-11-26 00:00:00;;;poziom światła;światło
2024-11-26 00:00:00;;;poziom światła;światło
2024-11-26 00:00:00;;;poziom światła;światło
2024-11-26 00:00:00;464237.0;2.20610475540161;poziom światła;światło
2024-11-26 00:00:00;464238.0;1.7409131526947;poziom światła;światło
2024-11-26 00:00:00;;;poziom światła;światło
2024-11-26 00:00:00;;;poziom światła;światło
2024-11-26 00:00:00;;;poziom światła;światło
2024-11-26 00:00:00;;;poziom światła;światło
2024-11-26 00:00:00;464243.0;1.68119525909424;poziom światła;światło
2024-11-26 00:00:00;;;poziom światła;światło
2024-11-26 00:00:00;;;poziom światła;światło
2024-11-26 00:00:00;;;poziom światła;światło
2024-11-26 00:00:00;464247.0;1.80693459510803;poziom światła;światło
2024-11-26 00:00:00;464248.0;1.36381423473358;poziom światła;światło
2024-11-26 00:00:00;;;poziom światła;światło
2024-11-26 00:00:00;464250.0;1.39407634735107;poziom światła;światło
2024-11-26 00:00:00;464251.0;2.07068943977356;poziom światła;światło
2024-11-26 00:00:00;;;poziom światła;światło
2024-11-26 00:00:00;464253.0;1.26337361335754;poziom światła;światło
2024-11-26 00:00:00;;;poziom światła;światło
2024-11-26 00:00:00;;;poziom światła;światło
2024-11-26 00:00:00;464256.0;1.53886461257935;poziom światła;światło
2024-11-26 00:00:00;;;poziom światła;światło
2024-11-26 00:00:00;464258.0;1.2033417224884;poziom światła;światło
2024-11-26 00:00:00;464259.0;0.601789832115173;poziom światła;światło
2024-11-26 00:00:00;464260.0;1.74190008640289;poziom światła;światło
2024-11-26 00:00:00;464261.0;1.32815158367157;poziom światła;światło
2024-11-26 00:00:00;464262.0;0.565684735774994;poziom światła;światło
2024-11-26 00:00:00;464263.0;1.08662581443787;poziom światła;światło
2024-11-26 00:00:00;;;poziom światła;światło
2024-11-26 00:00:00;;;poziom światła;światło
2024-11-26 00:00:00;;;poziom światła;światło
2024-11-26 00:00:00;;;poziom światła;światło
2024-11-26 00:00:00;464268.0;0.768303334712982;poziom światła;światło
2024-11-26 00:00:00;;;poziom światła;światło
2024-11-26 00:00:00;464270.0;1.02973937988281;poziom światła;światło
2024-11-26 00:00:00;;;poziom światła;światło
2024-11-26 00:00:00;464272.0;0.815801560878754;poziom światła;światło
2024-11-26 00:00:00;464273.0;0.917721033096313;poziom światła;światło
2024-11-26 00:00:00;464274.0;0.530444443225861;poziom światła;światło
2024-11-26 00:00:00;464275.0;0.687467455863953;poziom światła;światło
2024-11-26 00:00:00;464276.0;0.639525949954987;poziom światła;światło
2024-11-26 00:00:00;464277.0;0.973288774490356;poziom światła;światło
2024-11-26 00:00:00;;;poziom światła;światło
2024-11-26 00:00:00;;;poziom światła;światło
2024-11-26 00:00:00;464280.0;0.499349147081375;poziom światła;światło
2024-11-26 00:00:00;;;poziom światła;światło
2024-11-26 00:00:00;;;poziom światła;światło
2024-11-26 00:00:00;464283.0;1.29754137992859;poziom światła;światło
2024-11-26 00:00:00;;;poziom światła;światło
2024-11-26 00:00:00;464285.0;0.736929953098297;poziom światła;światło
2024-11-26 00:00:00;;;poziom światła;światło
2024-11-26 00:00:00;;;poziom światła;światło
2024-11-26 00:00:00;;;poziom światła;światło
2024-11-26 00:00:00;;;poziom światła;światło
2024-11-26 00:00:00;;;poziom światła;światło
2024-11-26 00:00:00;;;poziom światła;światło
2024-11-26 00:00:00;;;poziom światła;światło
2024-11-26 00:00:00;;;poziom światła;światło
2024-11-26 00:00:00;464294.0;1.42475438117981;poziom światła;światło
2024-11-26 00:00:00;;;poziom światła;światło
2024-11-26 00:00:00;;;poziom światła;światło
2024-11-26 00:00:00;464297.0;1.95146787166595;poziom światła;światło
2024-11-26 00:00:00;464298.0;1.78376376628876;poziom światła;światło
2024-11-26 00:00:00;464299.0;1.80092859268188;poziom światła;światło
2024-11-26 00:00:00;464300.0;2.14625287055969;poziom światła;światło
2024-11-26 00:00:00;;;poziom światła;światło
2024-11-26 00:00:00;;;poziom światła;światło
2024-11-26 00:00:00;;;poziom światła;światło
2024-11-26 00:00:00;;;poziom światła;światło
2024-11-26 00:00:00;464305.0;3.47865653038025;poziom światła;światło
2024-11-26 00:00:00;464306.0;3.07897305488586;poziom światła;światło
2024-11-26 00:00:00;;;poziom światła;światło
2024-11-26 00:00:00;464308.0;2.56940603256226;poziom światła;światło
2024-11-26 00:00:00;;;poziom światła;światło
2024-11-26 00:00:00;464310.0;1.64439558982849;poziom światła;światło
2024-11-26 00:00:00;;;poziom światła;światło
2024-11-26 00:00:00;464312.0;1.8213152885437;poziom światła;światło
2024-11-26 00:00:00;464313.0;1.8521249294281;poziom światła;światło
2024-11-26 00:00:00;;;poziom światła;światło
2024-11-26 00:00:00;;;poziom światła;światło
2024-11-26 00:00:00;;;poziom światła;światło
2024-11-26 00:00:00;464317.0;2.57658076286316;poziom światła;światło
2024-11-26 00:00:00;464318.0;0.619342803955078;poziom światła;światło
2024-11-26 00:00:00;;;poziom światła;światło
2024-11-26 00:00:00;;;poziom światła;światło
2024-11-26 00:00:00;;;poziom światła;światło
2024-11-26 00:00:00;464322.0;1.12349116802216;poziom światła;światło
2024-11-26 00:00:00;;;poziom światła;światło
2024-11-26 00:00:00;;;poziom światła;światło
2024-11-26 00:00:00;;;poziom światła;światło
2024-11-26 00:00:00;;;poziom światła;światło
2024-11-26 00:00:00;;;poziom światła;światło
2024-11-26 00:00:00;;;poziom światła;światło
2024-11-26 00:00:00;;;poziom światła;światło
2024-11-26 00:00:00;;;poziom światła;światło
2024-11-26 00:00:00;;;poziom światła;światło
2024-11-26 00:00:00;464332.0;0.989802420139313;poziom światła;światło
2024-11-26 00:00:00;464333.0;0.953100144863129;poziom światła;światło
2024-11-26 00:00:00;464334.0;1.17444217205048;poziom światła;światło
2024-11-26 00:00:00;464335.0;1.19433999061584;poziom światła;światło
2024-11-26 00:00:00;464336.0;1.26847279071808;poziom światła;światło
2024-11-26 00:00:00;464337.0;0.660907983779907;poziom światła;światło
2024-11-26 00:00:00;;;poziom światła;światło
2024-11-26 00:00:00;;;poziom światła;światło
2024-11-26 00:00:00;;;poziom światła;światło
2024-11-26 00:00:00;;;poziom światła;światło
2024-11-26 00:00:00;;;poziom światła;światło
2024-11-26 00:00:00;464343.0;0.706174314022064;poziom światła;światło
2024-11-26 00:00:00;;;poziom światła;światło
2024-11-26 00:00:00;464345.0;0.953100144863129;poziom światła;światło
2024-11-26 00:00:00;;;poziom światła;światło
2024-11-26 00:00:00;;;poziom światła;światło
2024-11-26 00:00:00;464348.0;0.830226182937622;poziom światła;światło
2024-11-26 00:00:00;464349.0;1.09370219707489;poziom światła;światło
2024-11-26 00:00:00;464350.0;2.26051807403564;poziom światła;światło
2024-11-26 00:00:00;;;poziom światła;światło
2024-11-26 00:00:00;;;poziom światła;światło
2024-11-26 00:00:00;464353.0;2.08618998527527;poziom światła;światło
2024-11-26 00:00:00;464354.0;2.20850515365601;poziom światła;światło
2024-11-26 00:00:00;464355.0;1.44695127010345;poziom światła;światło
2024-11-26 00:00:00;464356.0;1.99857461452484;poziom światła;światło
2024-11-26 00:00:00;464357.0;1.65065860748291;poziom światła;światło
2024-11-26 00:00:00;;;poziom światła;światło
2024-11-26 00:00:00;464359.0;1.92993307113647;poziom światła;światło
2024-11-26 00:00:00;;;poziom światła;światło
2024-11-26 00:00:00;;;poziom światła;światło
2024-11-26 00:00:00;;;poziom światła;światło
2024-11-26 00:00:00;464363.0;2.07814764976501;poziom światła;światło
2024-11-26 00:00:00;;;poziom światła;światło
2024-11-26 00:00:00;464365.0;2.64936637878418;poziom światła;światło
2024-11-26 00:00:00;;;poziom światła;światło
2024-11-26 00:00:00;464367.0;2.02548503875732;poziom światła;światło
2024-11-26 00:00:00;464368.0;3.21187281608582;poziom światła;światło
2024-11-26 00:00:00;;;poziom światła;światło
2024-11-26 00:00:00;464370.0;3.92759418487549;poziom światła;światło
2024-11-26 00:00:00;464371.0;2.37919521331787;poziom światła;światło
2024-11-26 00:00:00;464372.0;3.65451097488403;poziom światła;światło
2024-11-26 00:00:00;;;poziom światła;światło
2024-11-26 00:00:00;;;poziom światła;światło
2024-11-26 00:00:00;464375.0;2.9123477935791;poziom światła;światło
2024-11-26 00:00:00;;;poziom światła;światło
2024-11-26 00:00:00;;;poziom światła;światło
2024-11-26 00:00:00;;;poziom światła;światło
2024-11-26 00:00:00;;;poziom światła;światło
2024-11-26 00:00:00;;;poziom światła;światło
2024-11-26 00:00:00;464381.0;2.12122559547424;poziom światła;światło
2024-11-26 00:00:00;;;poziom światła;światło
2024-11-26 00:00:00;;;poziom światła;światło
2024-11-26 00:00:00;;;poziom światła;światło
2024-11-26 00:00:00;;;poziom światła;światło
2024-11-26 00:00:00;;;poziom światła;światło
2024-11-26 00:00:00;464387.0;0.830226182937622;poziom światła;światło
2024-11-26 00:00:00;;;poziom światła;światło
2024-11-26 00:00:00;464389.0;1.42576038837433;poziom światła;światło
2024-11-26 00:00:00;;;poziom światła;światło
2024-11-26 00:00:00;;;poziom światła;światło
2024-11-26 00:00:00;;;poziom światła;światło
2024-11-26 00:00:00;;;poziom światła;światło
2024-11-26 00:00:00;464394.0;0.589298844337463;poziom światła;światło
2024-11-26 00:00:00;;;poziom światła;światło
2024-11-26 00:00:00;;;poziom światła;światło
2024-11-26 00:00:00;464397.0;0.631038248538971;poziom światła;światło
2024-11-26 00:00:00;;;poziom światła;światło
2024-11-26 00:00:00;;;poziom światła;światło
2024-11-26 00:00:00;464400.0;0.925063669681549;poziom światła;światło
2024-11-26 00:00:00;464401.0;1.09370219707489;poziom światła;światło
2024-11-26 00:00:00;;;poziom światła;światło
2024-11-26 00:00:00;464403.0;1.28681027889252;poziom światła;światło
2024-11-26 00:00:00;464404.0;0.756588280200958;poziom światła;światło
2024-11-26 00:00:00;;;poziom światła;światło
2024-11-26 00:00:00;464406.0;0.953100144863129;poziom światła;światło
2024-11-26 00:00:00;;;poziom światła;światło
2024-11-26 00:00:00;464408.0;1.03509843349457;poziom światła;światło
2024-11-26 00:00:00;464409.0;1.99857461452484;poziom światła;światło
2024-11-26 00:00:00;;;poziom światła;światło
2024-11-26 00:00:00;464411.0;2.26051807403564;poziom światła;światło
2024-11-26 00:00:00;;;poziom światła;światło
2024-11-26 00:00:00;;;poziom światła;światło
2024-11-26 00:00:00;464414.0;2.28289484977722;poziom światła;światło
2024-11-26 00:00:00;;;poziom światła;światło
2024-11-26 00:00:00;;;poziom światła;światło
2024-11-26 00:00:00;;;poziom światła;światło
2024-11-26 00:00:00;;;poziom światła;światło
2024-11-26 00:00:00;;;poziom światła;światło
2024-11-26 00:00:00;464420.0;2.07814764976501;poziom światła;światło
2024-11-26 00:00:00;;;poziom światła;światło
2024-11-26 00:00:00;;;poziom światła;światło
2024-11-26 00:00:00;;;poziom światła;światło
2024-11-26 00:00:00;464424.0;2.20850515365601;poziom światła;światło
2024-11-26 00:00:00;;;poziom światła;światło
2024-11-26 00:00:00;;;poziom światła;światło
2024-11-26 00:00:00;464427.0;3.74662232398987;poziom światła;światło
2024-11-26 00:00:00;;;poziom światła;światło
2024-11-26 00:00:00;;;poziom światła;światło
2024-11-26 00:00:00;;;poziom światła;światło
2024-11-26 00:00:00;;;poziom światła;światło
2024-11-26 00:00:00;;;poziom światła;światło
2024-11-26 00:00:00;;;poziom światła;światło
2024-11-26 00:00:00;464434.0;3.30058979988098;poziom światła;światło
2024-11-26 00:00:00;;;poziom światła;światło
2024-11-26 00:00:00;464436.0;1.93468880653381;poziom światła;światło
2024-11-26 00:00:00;464437.0;3.30058979988098;poziom światła;światło
2024-11-26 00:00:00;;;poziom światła;światło
2024-11-26 00:00:00;;;poziom światła;światło
2024-11-26 00:00:00;464440.0;1.63148164749146;poziom światła;światło
2024-11-26 00:00:00;464441.0;1.42576038837433;poziom światła;światło
2024-11-26 00:00:00;464442.0;1.24132299423218;poziom światła;światło
2024-11-26 00:00:00;464443.0;1.33143842220306;poziom światła;światło
2024-11-26 00:00:00;464444.0;1.52706050872803;poziom światła;światło
2024-11-26 00:00:00;;;poziom światła;światło
2024-11-26 00:00:00;464446.0;1.83894455432892;poziom światła;światło
2024-11-26 00:00:00;;;poziom światła;światło
2024-11-26 00:00:00;464448.0;0.847877681255341;poziom światła;światło
2024-11-26 00:00:00;464449.0;0.919534504413605;poziom światła;światło
2024-11-26 00:00:00;;;poziom światła;światło
2024-11-26 00:00:00;;;poziom światła;światło
2024-11-26 00:00:00;;;poziom światła;światło
2024-11-26 00:00:00;464453.0;1.73669993877411;poziom światła;światło
2024-11-26 00:00:00;;;poziom światła;światło
2024-11-26 00:00:00;;;poziom światła;światło
2024-11-26 00:00:00;464456.0;0.78424859046936;poziom światła;światło
2024-11-26 00:00:00;;;poziom światła;światło
2024-11-26 00:00:00;464458.0;0.589298844337463;poziom światła;światło
2024-11-26 00:00:00;;;poziom światła;światło
2024-11-26 00:00:00;;;poziom światła;światło
2024-11-26 00:00:00;;;poziom światła;światło
2024-11-26 00:00:00;;;poziom światła;światło
2024-11-26 00:00:00;464463.0;0.589298844337463;poziom światła;światło
2024-11-26 00:00:00;464464.0;1.29251205921173;poziom światła;światło
2024-11-26 00:00:00;464465.0;0.919534504413605;poziom światła;światło
2024-11-26 00:00:00;464466.0;0.891023278236389;poziom światła;światło
2024-11-26 00:00:00;;;poziom światła;światło
2024-11-26 00:00:00;;;poziom światła;światło
2024-11-26 00:00:00;464469.0;0.961551547050476;poziom światła;światło
2024-11-26 00:00:00;464470.0;2.16029715538025;poziom światła;światło
2024-11-26 00:00:00;464471.0;1.46736907958984;poziom światła;światło
2024-11-26 00:00:00;;;poziom światła;światło
2024-11-26 00:00:00;;;poziom światła;światło
2024-11-26 00:00:00;;;poziom światła;światło
2024-11-26 00:00:00;;;poziom światła;światło
2024-11-26 00:00:00;464476.0;1.00930142402649;poziom światła;światło
2024-11-26 00:00:00;464477.0;3.58553886413574;poziom światła;światło
2024-11-26 00:00:00;;;poziom światła;światło
2024-11-26 00:00:00;464479.0;2.18142604827881;poziom światła;światło
2024-11-26 00:00:00;464480.0;1.98989021778107;poziom światła;światło
2024-11-26 00:00:00;;;poziom światła;światło
2024-11-26 00:00:00;;;poziom światła;światło
2024-11-26 00:00:00;;;poziom światła;światło
2024-11-26 00:00:00;464484.0;1.77237570285797;poziom światła;światło
2024-11-26 00:00:00;;;poziom światła;światło
2024-11-26 00:00:00;;;poziom światła;światło
2024-11-26 00:00:00;;;poziom światła;światło
2024-11-26 00:00:00;464488.0;3.30719065666199;poziom światła;światło
2024-11-26 00:00:00;464489.0;3.06781363487244;poziom światła;światło
2024-11-26 00:00:00;464490.0;4.48789215087891;poziom światła;światło
2024-11-26 00:00:00;;;poziom światła;światło
2024-11-26 00:00:00;;;poziom światła;światło
2024-11-26 00:00:00;464493.0;4.13382005691528;poziom światła;światło
2024-11-26 00:00:00;464494.0;2.47880077362061;poziom światła;światło
2024-11-26 00:00:00;;;poziom światła;światło
2024-11-26 00:00:00;464496.0;2.10722327232361;poziom światła;światło
2024-11-26 00:00:00;;;poziom światła;światło
2024-11-26 00:00:00;;;poziom światła;światło
2024-11-26 00:00:00;464499.0;0.875840365886688;poziom światła;światło
2024-11-26 00:00:00;464500.0;3.70265007019043;poziom światła;światło
2024-11-26 00:00:00;464501.0;1.77237570285797;poziom światła;światło
2024-11-26 00:00:00;464502.0;2.93153071403503;poziom światła;światło
2024-11-26 00:00:00;;;poziom światła;światło
2024-11-26 00:00:00;464504.0;2.69142556190491;poziom światła;światło
2024-11-26 00:00:00;;;poziom światła;światło
2024-11-26 00:00:00;;;poziom światła;światło
2024-11-26 00:00:00;;;poziom światła;światło
2024-11-26 00:00:00;;;poziom światła;światło
2024-11-26 00:00:00;464509.0;0.806505262851715;poziom światła;światło
2024-11-26 00:00:00;464510.0;0.638086795806885;poziom światła;światło
2024-11-26 00:00:00;464511.0;1.39199125766754;poziom światła;światło
2024-11-26 00:00:00;;;poziom światła;światło
2024-11-26 00:00:00;464513.0;0.891023278236389;poziom światła;światło
2024-11-26 00:00:00;;;poziom światła;światło
2024-11-26 00:00:00;;;poziom światła;światło
2024-11-26 00:00:00;464516.0;0.686754107475281;poziom światła;światło
2024-11-26 00:00:00;464517.0;0.95439612865448;poziom światła;światło
2024-11-26 00:00:00;464518.0;0.592646837234497;poziom światła;światło
2024-11-26 00:00:00;464519.0;1.52287769317627;poziom światła;światło
2024-11-26 00:00:00;464520.0;1.16545820236206;poziom światła;światło
2024-11-26 00:00:00;464521.0;0.919534504413605;poziom światła;światło
2024-11-26 00:00:00;;;poziom światła;światło
2024-11-26 00:00:00;;;poziom światła;światło
2024-11-26 00:00:00;464524.0;0.638086795806885;poziom światła;światło
2024-11-26 00:00:00;;;poziom światła;światło
2024-11-26 00:00:00;;;poziom światła;światło
2024-11-26 00:00:00;;;poziom światła;światło
2024-11-26 00:00:00;464528.0;2.09640264511108;poziom światła;światło
2024-11-26 00:00:00;464529.0;2.27358508110046;poziom światła;światło
2024-11-26 00:00:00;464530.0;1.07239365577698;poziom światła;światło
2024-11-26 00:00:00;;;poziom światła;światło
2024-11-26 00:00:00;;;poziom światła;światło
2024-11-26 00:00:00;;;poziom światła;światło
2024-11-26 00:00:00;;;poziom światła;światło
2024-11-26 00:00:00;;;poziom światła;światło
2024-11-26 00:00:00;;;poziom światła;światło
2024-11-26 00:00:00;464537.0;3.58553886413574;poziom światła;światło
2024-11-26 00:00:00;464538.0;1.86381816864014;poziom światła;światło
2024-11-26 00:00:00;464539.0;2.93153071403503;poziom światła;światło
2024-11-26 00:00:00;464540.0;3.06781363487244;poziom światła;światło
2024-11-26 00:00:00;464541.0;4.13382005691528;poziom światła;światło
2024-11-26 00:00:00;464542.0;1.94825208187103;poziom światła;światło
2024-11-26 00:00:00;;;poziom światła;światło
2024-11-26 00:00:00;464544.0;4.17303609848022;poziom światła;światło
2024-11-26 00:00:00;;;poziom światła;światło
2024-11-26 00:00:00;464546.0;1.98989021778107;poziom światła;światło
2024-11-26 00:00:00;464547.0;3.70265007019043;poziom światła;światło
2024-11-26 00:00:00;;;poziom światła;światło
2024-11-26 00:00:00;464549.0;4.46150779724121;poziom światła;światło
2024-11-26 00:00:00;;;poziom światła;światło
2024-11-26 00:00:00;464551.0;2.47880077362061;poziom światła;światło
2024-11-26 00:00:00;464552.0;1.94825208187103;poziom światła;światło
2024-11-26 00:00:00;464553.0;4.5618257522583;poziom światła;światło
2024-11-26 00:00:00;;;poziom światła;światło
2024-11-26 00:00:00;464555.0;1.87212300300598;poziom światła;światło
2024-11-26 00:00:00;464556.0;4.48789215087891;poziom światła;światło
2024-11-26 00:00:00;464557.0;2.9191677570343;poziom światła;światło
2024-11-26 00:00:00;464558.0;2.69142556190491;poziom światła;światło
2024-11-26 00:00:00;;;poziom światła;światło
2024-11-26 00:00:00;;;poziom światła;światło
2024-11-26 00:00:00;;;poziom światła;światło
2024-11-26 00:00:00;;;poziom światła;światło
2024-11-26 00:00:00;;;poziom światła;światło
2024-11-26 00:00:00;464564.0;1.77237570285797;poziom światła;światło
2024-11-26 00:00:00;;;poziom światła;światło
2024-11-26 00:00:00;;;poziom światła;światło
2024-11-26 00:00:00;464567.0;1.04479348659515;poziom światła;światło
2024-11-26 00:00:00;464568.0;0.638086795806885;poziom światła;światło
2024-11-26 00:00:00;464569.0;0.592646837234497;poziom światła;światło
2024-11-26 00:00:00;;;poziom światła;światło
2024-11-26 00:00:00;;;poziom światła;światło
2024-11-26 00:00:00;;;poziom światła;światło
2024-11-26 00:00:00;464573.0;1.0766613483429;poziom światła;światło
2024-11-26 00:00:00;;;poziom światła;światło
2024-11-26 00:00:00;;;poziom światła;światło
2024-11-26 00:00:00;464576.0;0.742610275745392;poziom światła;światło
2024-11-26 00:00:00;464577.0;0.719520390033722;poziom światła;światło
2024-11-26 00:00:00;;;poziom światła;światło
2024-11-26 00:00:00;464579.0;1.52287769317627;poziom światła;światło
2024-11-26 00:00:00;;;poziom światła;światło
2024-11-26 00:00:00;464581.0;0.81493079662323;poziom światła;światło
2024-11-26 00:00:00;464582.0;0.845882773399353;poziom światła;światło
2024-11-26 00:00:00;;;poziom światła;światło
2024-11-26 00:00:00;464584.0;1.36515820026398;poziom światła;światło
2024-11-26 00:00:00;;;poziom światła;światło
2024-11-26 00:00:00;;;poziom światła;światło
2024-11-26 00:00:00;;;poziom światła;światło
2024-11-26 00:00:00;;;poziom światła;światło
2024-11-26 00:00:00;;;poziom światła;światło
2024-11-26 00:00:00;;;poziom światła;światło
2024-11-26 00:00:00;;;poziom światła;światło
2024-11-26 00:00:00;464592.0;1.88156950473785;poziom światła;światło
2024-11-26 00:00:00;464593.0;0.921257793903351;poziom światła;światło
2024-11-26 00:00:00;;;poziom światła;światło
2024-11-26 00:00:00;;;poziom światła;światło
2024-11-26 00:00:00;;;poziom światła;światło
2024-11-26 00:00:00;464597.0;1.90092313289642;poziom światła;światło
2024-11-26 00:00:00;;;poziom światła;światło
2024-11-26 00:00:00;464599.0;2.02644634246826;poziom światła;światło
2024-11-26 00:00:00;;;poziom światła;światło
2024-11-26 00:00:00;464601.0;1.84322667121887;poziom światła;światło
2024-11-26 00:00:00;464602.0;4.94590711593628;poziom światła;światło
2024-11-26 00:00:00;464603.0;1.84309864044189;poziom światła;światło
2024-11-26 00:00:00;;;poziom światła;światło
2024-11-26 00:00:00;;;poziom światła;światło
2024-11-26 00:00:00;;;poziom światła;światło
2024-11-26 00:00:00;464607.0;5.14215135574341;poziom światła;światło
2024-11-26 00:00:00;464608.0;4.94090509414673;poziom światła;światło
2024-11-26 00:00:00;;;poziom światła;światło
2024-11-26 00:00:00;;;poziom światła;światło
2024-11-26 00:00:00;;;poziom światła;światło
2024-11-26 00:00:00;464612.0;3.03210020065308;poziom światła;światło
2024-11-26 00:00:00;464613.0;4.02718496322632;poziom światła;światło
2024-11-26 00:00:00;464614.0;3.73107719421387;poziom światła;światło
2024-11-26 00:00:00;;;poziom światła;światło
2024-11-26 00:00:00;464616.0;3.90437030792236;poziom światła;światło
2024-11-26 00:00:00;;;poziom światła;światło
2024-11-26 00:00:00;464618.0;2.14285182952881;poziom światła;światło
2024-11-26 00:00:00;;;poziom światła;światło
2024-11-26 00:00:00;464620.0;0.747043550014496;poziom światła;światło
2024-11-26 00:00:00;464621.0;3.85246276855469;poziom światła;światło
2024-11-26 00:00:00;464622.0;2.30920886993408;poziom światła;światło
2024-11-26 00:00:00;464623.0;2.9724006652832;poziom światła;światło
2024-11-26 00:00:00;464624.0;1.53437495231628;poziom światła;światło
2024-11-26 00:00:00;;;poziom światła;światło
2024-11-26 00:00:00;464626.0;1.342524766922;poziom światła;światło
2024-11-26 00:00:00;;;poziom światła;światło
2024-11-26 00:00:00;464628.0;0.637655198574066;poziom światła;światło
2024-11-26 00:00:00;;;poziom światła;światło
2024-11-26 00:00:00;464630.0;4.61793756484985;poziom światła;światło
2024-11-26 00:00:00;464631.0;0.81291937828064;poziom światła;światło
2024-11-26 00:00:00;464632.0;2.57992768287659;poziom światła;światło
2024-11-26 00:00:00;;;poziom światła;światło
2024-11-26 00:00:00;;;poziom światła;światło
2024-11-26 00:00:00;;;poziom światła;światło
2024-11-26 00:00:00;;;poziom światła;światło
2024-11-26 00:00:00;;;poziom światła;światło
2024-11-26 00:00:00;;;poziom światła;światło
2024-11-26 00:00:00;;;poziom światła;światło
2024-11-26 00:00:00;;;poziom światła;światło
2024-11-26 00:00:00;464641.0;0.688728630542755;poziom światła;światło
2024-11-26 00:00:00;;;poziom światła;światło
2024-11-26 00:00:00;464643.0;1.76330506801605;poziom światła;światło
2024-11-26 00:00:00;464644.0;0.773458123207092;poziom światła;światło
2024-11-26 00:00:00;;;poziom światła;światło
2024-11-26 00:00:00;464646.0;0.845882773399353;poziom światła;światło
2024-11-26 00:00:00;464647.0;0.880026042461395;poziom światła;światło
2024-11-26 00:00:00;464648.0;1.88156950473785;poziom światła;światło
2024-11-26 00:00:00;464649.0;0.9655801653862;poziom światła;światło
2024-11-26 00:00:00;;;poziom światła;światło
2024-11-26 00:00:00;464651.0;5.1166296005249;poziom światła;światło
2024-11-26 00:00:00;;;poziom światła;światło
2024-11-26 00:00:00;;;poziom światła;światło
2024-11-26 00:00:00;;;poziom światła;światło
2024-11-26 00:00:00;;;poziom światła;światło
2024-11-26 00:00:00;;;poziom światła;światło
2024-11-26 00:00:00;464657.0;2.02644634246826;poziom światła;światło
2024-11-26 00:00:00;464658.0;1.49264073371887;poziom światła;światło
2024-11-26 00:00:00;;;poziom światła;światło
2024-11-26 00:00:00;;;poziom światła;światło
2024-11-26 00:00:00;;;poziom światła;światło
2024-11-26 00:00:00;;;poziom światła;światło
2024-11-26 00:00:00;464663.0;3.03210020065308;poziom światła;światło
2024-11-26 00:00:00;464664.0;4.02718496322632;poziom światła;światło
2024-11-26 00:00:00;464665.0;1.0766613483429;poziom światła;światło
2024-11-26 00:00:00;464666.0;4.94590711593628;poziom światła;światło
2024-11-26 00:00:00;464667.0;3.85246276855469;poziom światła;światło
2024-11-26 00:00:00;464668.0;2.53161549568176;poziom światła;światło
2024-11-26 00:00:00;;;poziom światła;światło
2024-11-26 00:00:00;464670.0;4.61793756484985;poziom światła;światło
2024-11-26 00:00:00;464671.0;3.81259727478027;poziom światła;światło
2024-11-26 00:00:00;;;poziom światła;światło
2024-11-26 00:00:00;;;poziom światła;światło
2024-11-26 00:00:00;464674.0;5.14215135574341;poziom światła;światło
2024-11-26 00:00:00;;;poziom światła;światło
2024-11-26 00:00:00;464676.0;4.94590711593628;poziom światła;światło
2024-11-26 00:00:00;;;poziom światła;światło
2024-11-26 00:00:00;;;poziom światła;światło
2024-11-26 00:00:00;;;poziom światła;światło
2024-11-26 00:00:00;;;poziom światła;światło
2024-11-26 00:00:00;;;poziom światła;światło
2024-11-26 00:00:00;;;poziom światła;światło
2024-11-26 00:00:00;464683.0;2.57992768287659;poziom światła;światło
2024-11-26 00:00:00;;;poziom światła;światło
2024-11-26 00:00:00;464685.0;2.9724006652832;poziom światła;światło
2024-11-26 00:00:00;;;poziom światła;światło
2024-11-26 00:00:00;;;poziom światła;światło
2024-11-26 00:00:00;464688.0;0.978604853153229;poziom światła;światło
2024-11-26 00:00:00;;;poziom światła;światło
2024-11-26 00:00:00;;;poziom światła;światło
2024-11-26 00:00:00;464691.0;1.342524766922;poziom światła;światło
2024-11-26 00:00:00;;;poziom światła;światło
2024-11-26 00:00:00;464693.0;3.82577896118164;poziom światła;światło
2024-11-26 00:00:00;464694.0;0.817250967025757;poziom światła;światło
2024-11-26 00:00:00;;;poziom światła;światło
2024-11-26 00:00:00;464696.0;0.688728630542755;poziom światła;światło
2024-11-26 00:00:00;;;poziom światła;światło
2024-11-26 00:00:00;464698.0;1.07905101776123;poziom światła;światło
2024-11-26 00:00:00;464699.0;1.17570149898529;poziom światła;światło
2024-11-26 00:00:00;464700.0;0.747043550014496;poziom światła;światło
2024-11-26 00:00:00;;;poziom światła;światło
2024-11-26 00:00:00;464702.0;1.34425508975983;poziom światła;światło
2024-11-26 00:00:00;;;poziom światła;światło
2024-11-26 00:00:00;;;poziom światła;światło
2024-11-26 00:00:00;464705.0;1.66481935977936;poziom światła;światło
2024-11-26 00:00:00;;;poziom światła;światło
2024-11-26 00:00:00;464707.0;0.924745559692383;poziom światła;światło
2024-11-26 00:00:00;464708.0;0.735770106315613;poziom światła;światło
2024-11-26 00:00:00;;;poziom światła;światło
2024-11-26 00:00:00;;;poziom światła;światło
2024-11-26 00:00:00;464711.0;1.8091733455658;poziom światła;światło
2024-11-26 00:00:00;;;poziom światła;światło
2024-11-26 00:00:00;;;poziom światła;światło
2024-11-26 00:00:00;464714.0;1.93968999385834;poziom światła;światło
2024-11-26 00:00:00;464715.0;1.78301727771759;poziom światła;światło
2024-11-26 00:00:00;464716.0;1.44988512992859;poziom światła;światło
2024-11-26 00:00:00;;;poziom światła;światło
2024-11-26 00:00:00;464718.0;5.4233980178833;poziom światła;światło
2024-11-26 00:00:00;464719.0;1.25094437599182;poziom światła;światło
2024-11-26 00:00:00;;;poziom światła;światło
2024-11-26 00:00:00;;;poziom światła;światło
2024-11-26 00:00:00;464722.0;1.8091733455658;poziom światła;światło
2024-11-26 00:00:00;;;poziom światła;światło
2024-11-26 00:00:00;;;poziom światła;światło
2024-11-26 00:00:00;;;poziom światła;światło
2024-11-26 00:00:00;;;poziom światła;światło
2024-11-26 00:00:00;;;poziom światła;światło
2024-11-26 00:00:00;464728.0;5.056884765625;poziom światła;światło
2024-11-26 00:00:00;464729.0;2.05332183837891;poziom światła;światło
2024-11-26 00:00:00;;;poziom światła;światło
2024-11-26 00:00:00;464731.0;4.55955743789673;poziom światła;światło
2024-11-26 00:00:00;;;poziom światła;światło
2024-11-26 00:00:00;;;poziom światła;światło
2024-11-26 00:00:00;464734.0;4.57953023910522;poziom światła;światło
2024-11-26 00:00:00;;;poziom światła;światło
2024-11-26 00:00:00;;;poziom światła;światło
2024-11-26 00:00:00;464737.0;4.23911237716675;poziom światła;światło
2024-11-26 00:00:00;;;poziom światła;światło
2024-11-26 00:00:00;;;poziom światła;światło
2024-11-26 00:00:00;;;poziom światła;światło
2024-11-26 00:00:00;;;poziom światła;światło
2024-11-26 00:00:00;;;poziom światła;światło
2024-11-26 00:00:00;;;poziom światła;światło
2024-11-26 00:00:00;464744.0;3.30468535423279;poziom światła;światło
2024-11-26 00:00:00;;;poziom światła;światło
2024-11-26 00:00:00;;;poziom światła;światło
2024-11-26 00:00:00;;;poziom światła;światło
2024-11-26 00:00:00;;;poziom światła;światło
2024-11-26 00:00:00;;;poziom światła;światło
2024-11-26 00:00:00;464750.0;0.74457848072052;poziom światła;światło
2024-11-26 00:00:00;;;poziom światła;światło
2024-11-26 00:00:00;;;poziom światła;światło
2024-11-26 00:00:00;464753.0;1.3734667301178;poziom światła;światło
2024-11-26 00:00:00;464754.0;1.21658635139465;poziom światła;światło
2024-11-26 00:00:00;;;poziom światła;światło
2024-11-26 00:00:00;464756.0;1.34425508975983;poziom światła;światło
2024-11-26 00:00:00;464757.0;0.997637927532196;poziom światła;światło
2024-11-26 00:00:00;;;poziom światła;światło
2024-11-26 00:00:00;464759.0;1.56580984592438;poziom światła;światło
2024-11-26 00:00:00;;;poziom światła;światło
2024-11-26 00:00:00;;;poziom światła;światło
2024-11-26 00:00:00;;;poziom światła;światło
2024-11-26 00:00:00;;;poziom światła;światło
2024-11-26 00:00:00;464764.0;1.07905101776123;poziom światła;światło
2024-11-26 00:00:00;;;poziom światła;światło
2024-11-26 00:00:00;464766.0;0.780423402786255;poziom światła;światło
2024-11-26 00:00:00;;;poziom światła;światło
2024-11-26 00:00:00;;;poziom światła;światło
2024-11-26 00:00:00;464769.0;0.74457848072052;poziom światła;światło
2024-11-26 00:00:00;;;poziom światła;światło
2024-11-26 00:00:00;;;poziom światła;światło
2024-11-26 00:00:00;464772.0;0.817250967025757;poziom światła;światło
2024-11-26 00:00:00;;;poziom światła;światło
2024-11-26 00:00:00;;;poziom światła;światło
2024-11-26 00:00:00;;;poziom światła;światło
2024-11-26 00:00:00;;;poziom światła;światło
2024-11-26 00:00:00;;;poziom światła;światło
2024-11-26 00:00:00;464778.0;4.23911237716675;poziom światła;światło
2024-11-26 00:00:00;;;poziom światła;światło
2024-11-26 00:00:00;;;poziom światła;światło
2024-11-26 00:00:00;;;poziom światła;światło
2024-11-26 00:00:00;;;poziom światła;światło
2024-11-26 00:00:00;464783.0;5.4233980178833;poziom światła;światło
2024-11-26 00:00:00;;;poziom światła;światło
2024-11-26 00:00:00;464785.0;5.056884765625;poziom światła;światło
2024-11-26 00:00:00;464786.0;4.57953023910522;poziom światła;światło
2024-11-26 00:00:00;464787.0;2.81706881523132;poziom światła;światło
2024-11-26 00:00:00;;;poziom światła;światło
2024-11-26 00:00:00;;;poziom światła;światło
2024-11-26 00:00:00;464790.0;2.21741986274719;poziom światła;światło
2024-11-26 00:00:00;464791.0;2.14886951446533;poziom światła;światło
2024-11-26 00:00:00;;;poziom światła;światło
2024-11-26 00:00:00;;;poziom światła;światło
2024-11-26 00:00:00;;;poziom światła;światło
2024-11-26 00:00:00;;;poziom światła;światło
2024-11-26 00:00:00;464796.0;2.45329236984253;poziom światła;światło
2024-11-26 00:00:00;;;poziom światła;światło
2024-11-26 00:00:00;464798.0;3.76420545578003;poziom światła;światło
2024-11-26 00:00:00;464799.0;5.30493927001953;poziom światła;światło
2024-11-26 00:00:00;464800.0;5.13036727905273;poziom światła;światło
2024-11-26 00:00:00;;;poziom światła;światło
2024-11-26 00:00:00;;;poziom światła;światło
2024-11-26 00:00:00;;;poziom światła;światło
2024-11-26 00:00:00;464804.0;4.48759412765503;poziom światła;światło
2024-11-26 00:00:00;464805.0;0.980867624282837;poziom światła;światło
2024-11-26 00:00:00;;;poziom światła;światło
2024-11-26 00:00:00;464807.0;1.08823823928833;poziom światła;światło
2024-11-26 00:00:00;;;poziom światła;światło
2024-11-26 00:00:00;;;poziom światła;światło
2024-11-26 00:00:00;;;poziom światła;światło
2024-11-26 00:00:00;;;poziom światła;światło
2024-11-26 00:00:00;464812.0;0.74457848072052;poziom światła;światło
2024-11-26 00:00:00;;;poziom światła;światło
2024-11-26 00:00:00;;;poziom światła;światło
2024-11-26 00:00:00;464815.0;1.57506096363068;poziom światła;światło
2024-11-26 00:00:00;464816.0;1.07237589359283;poziom światła;światło
2024-11-26 00:00:00;;;poziom światła;światło
2024-11-26 00:00:00;464818.0;1.16615033149719;poziom światła;światło
2024-11-26 00:00:00;464819.0;2.45591807365417;poziom światła;światło
2024-11-26 00:00:00;;;poziom światła;światło
2024-11-26 00:00:00;;;poziom światła;światło
2024-11-26 00:00:00;;;poziom światła;światło
2024-11-26 00:00:00;;;poziom światła;światło
2024-11-26 00:00:00;;;poziom światła;światło
2024-11-26 00:00:00;;;poziom światła;światło
2024-11-26 00:00:00;464826.0;0.798682153224945;poziom światła;światło
2024-11-26 00:00:00;;;poziom światła;światło
2024-11-26 00:00:00;464828.0;1.32513415813446;poziom światła;światło
2024-11-26 00:00:00;464829.0;1.92801260948181;poziom światła;światło
2024-11-26 00:00:00;;;poziom światła;światło
2024-11-26 00:00:00;;;poziom światła;światło
2024-11-26 00:00:00;;;poziom światła;światło
2024-11-26 00:00:00;464833.0;1.92070043087006;poziom światła;światło
2024-11-26 00:00:00;;;poziom światła;światło
2024-11-26 00:00:00;464835.0;1.18468928337097;poziom światła;światło
2024-11-26 00:00:00;;;poziom światła;światło
2024-11-26 00:00:00;;;poziom światła;światło
2024-11-26 00:00:00;;;poziom światła;światło
2024-11-26 00:00:00;;;poziom światła;światło
2024-11-26 00:00:00;464840.0;1.93752872943878;poziom światła;światło
2024-11-26 00:00:00;;;poziom światła;światło
2024-11-26 00:00:00;;;poziom światła;światło
2024-11-26 00:00:00;;;poziom światła;światło
2024-11-26 00:00:00;;;poziom światła;światło
2024-11-26 00:00:00;;;poziom światła;światło
2024-11-26 00:00:00;;;poziom światła;światło
2024-11-26 00:00:00;464847.0;2.74039053916931;poziom światła;światło
2024-11-26 00:00:00;;;poziom światła;światło
2024-11-26 00:00:00;;;poziom światła;światło
2024-11-26 00:00:00;464850.0;5.59269714355469;poziom światła;światło
2024-11-26 00:00:00;464851.0;0.803807139396667;poziom światła;światło
2024-11-26 00:00:00;;;poziom światła;światło
2024-11-26 00:00:00;;;poziom światła;światło
2024-11-26 00:00:00;464854.0;6.03518915176392;poziom światła;światło
2024-11-26 00:00:00;464855.0;5.82422542572021;poziom światła;światło
2024-11-26 00:00:00;;;poziom światła;światło
2024-11-26 00:00:00;;;poziom światła;światło
2024-11-26 00:00:00;;;poziom światła;światło
2024-11-26 00:00:00;464859.0;5.81103754043579;poziom światła;światło
2024-11-26 00:00:00;464860.0;5.98057460784912;poziom światła;światło
2024-11-26 00:00:00;;;poziom światła;światło
2024-11-26 00:00:00;464862.0;5.25556945800781;poziom światła;światło
2024-11-26 00:00:00;;;poziom światła;światło
2024-11-26 00:00:00;;;poziom światła;światło
2024-11-26 00:00:00;464865.0;0.73458331823349;poziom światła;światło
2024-11-26 00:00:00;464866.0;5.88882064819336;poziom światła;światło
2024-11-26 00:00:00;;;poziom światła;światło
2024-11-26 00:00:00;;;poziom światła;światło
2024-11-26 00:00:00;464869.0;1.07856214046478;poziom światła;światło
2024-11-26 00:00:00;464870.0;3.04083847999573;poziom światła;światło
2024-11-26 00:00:00;;;poziom światła;światło
2024-11-26 00:00:00;;;poziom światła;światło
2024-11-26 00:00:00;;;poziom światła;światło
2024-11-26 00:00:00;464874.0;1.20630919933319;poziom światła;światło
2024-11-26 00:00:00;;;poziom światła;światło
2024-11-26 00:00:00;464876.0;1.36176073551178;poziom światła;światło
2024-11-26 00:00:00;;;poziom światła;światło
2024-11-26 00:00:00;;;poziom światła;światło
2024-11-26 00:00:00;;;poziom światła;światło
2024-11-26 00:00:00;464880.0;0.838300466537476;poziom światła;światło
2024-11-26 00:00:00;464881.0;2.06204223632813;poziom światła;światło
2024-11-26 00:00:00;;;poziom światła;światło
2024-11-26 00:00:00;464883.0;1.07237589359283;poziom światła;światło
2024-11-26 00:00:00;;;poziom światła;światło
2024-11-26 00:00:00;464885.0;0.855988800525665;poziom światła;światło
2024-11-26 00:00:00;464886.0;1.32513415813446;poziom światła;światło
2024-11-26 00:00:00;464887.0;1.80370652675629;poziom światła;światło
2024-11-26 00:00:00;;;poziom światła;światło
2024-11-26 00:00:00;;;poziom światła;światło
2024-11-26 00:00:00;;;poziom światła;światło
2024-11-26 00:00:00;;;poziom światła;światło
2024-11-26 00:00:00;;;poziom światła;światło
2024-11-26 00:00:00;464893.0;6.03518915176392;poziom światła;światło
2024-11-26 00:00:00;;;poziom światła;światło
2024-11-26 00:00:00;;;poziom światła;światło
2024-11-26 00:00:00;;;poziom światła;światło
2024-11-26 00:00:00;;;poziom światła;światło
2024-11-26 00:00:00;;;poziom światła;światło
2024-11-26 00:00:00;;;poziom światła;światło
2024-11-26 00:00:00;464900.0;1.98817849159241;poziom światła;światło
2024-11-26 00:00:00;464901.0;1.20011305809021;poziom światła;światło
2024-11-26 00:00:00;;;poziom światła;światło
2024-11-26 00:00:00;;;poziom światła;światło
2024-11-26 00:00:00;464904.0;1.60905587673187;poziom światła;światło
2024-11-26 00:00:00;464905.0;2.26676416397095;poziom światła;światło
2024-11-26 00:00:00;;;poziom światła;światło
2024-11-26 00:00:00;;;poziom światła;światło
2024-11-26 00:00:00;;;poziom światła;światło
2024-11-26 00:00:00;;;poziom światła;światło
2024-11-26 00:00:00;464910.0;5.25556945800781;poziom światła;światło
2024-11-26 00:00:00;464911.0;5.59269714355469;poziom światła;światło
2024-11-26 00:00:00;464912.0;5.88882064819336;poziom światła;światło
2024-11-26 00:00:00;;;poziom światła;światło
2024-11-26 00:00:00;464914.0;3.04083847999573;poziom światła;światło
2024-11-26 00:00:00;;;poziom światła;światło
2024-11-26 00:00:00;;;poziom światła;światło
2024-11-26 00:00:00;;;poziom światła;światło
2024-11-26 00:00:00;;;poziom światła;światło
2024-11-26 00:00:00;;;poziom światła;światło
2024-11-26 00:00:00;;;poziom światła;światło
2024-11-26 00:00:00;;;poziom światła;światło
2024-11-26 00:00:00;;;poziom światła;światło
2024-11-26 00:00:00;;;poziom światła;światło
2024-11-26 00:00:00;;;poziom światła;światło
2024-11-26 00:00:00;464925.0;0.803807139396667;poziom światła;światło
2024-11-26 00:00:00;464926.0;3.3676769733429;poziom światła;światło
2024-11-26 00:00:00;464927.0;5.81103754043579;poziom światła;światło
2024-11-26 00:00:00;464928.0;1.02702605724335;poziom światła;światło
2024-11-26 00:00:00;;;poziom światła;światło
2024-11-26 00:00:00;464930.0;1.20630919933319;poziom światła;światło
2024-11-26 00:00:00;;;poziom światła;światło
2024-11-26 00:00:00;464932.0;2.34464859962463;poziom światła;światło
2024-11-26 00:00:00;;;poziom światła;światło
2024-11-26 00:00:00;;;poziom światła;światło
2024-11-26 00:00:00;;;poziom światła;światło
2024-11-26 00:00:00;;;poziom światła;światło
2024-11-26 00:00:00;;;poziom światła;światło
2024-11-26 00:00:00;;;poziom światła;światło
2024-11-26 00:00:00;;;poziom światła;światło
2024-11-26 00:00:00;;;poziom światła;światło
2024-11-26 00:00:00;464941.0;1.02702605724335;poziom światła;światło
2024-11-26 00:00:00;;;poziom światła;światło
2024-11-26 00:00:00;;;poziom światła;światło
2024-11-26 00:00:00;;;poziom światła;światło
2024-11-26 00:00:00;464945.0;0.865476250648499;poziom światła;światło
2024-11-26 00:00:00;;;poziom światła;światło
2024-11-26 00:00:00;464947.0;2.45756959915161;poziom światła;światło
2024-11-26 00:00:00;;;poziom światła;światło
2024-11-26 00:00:00;;;poziom światła;światło
2024-11-26 00:00:00;464950.0;2.23810315132141;poziom światła;światło
2024-11-26 00:00:00;464951.0;2.35893130302429;poziom światła;światło
2024-11-26 00:00:00;;;poziom światła;światło
2024-11-26 00:00:00;;;poziom światła;światło
2024-11-26 00:00:00;;;poziom światła;światło
2024-11-26 00:00:00;464955.0;1.89658892154694;poziom światła;światło
2024-11-26 00:00:00;464956.0;4.23572778701782;poziom światła;światło
2024-11-26 00:00:00;464957.0;1.41049599647522;poziom światła;światło
2024-11-26 00:00:00;;;poziom światła;światło
2024-11-26 00:00:00;464959.0;2.45076012611389;poziom światła;światło
2024-11-26 00:00:00;464960.0;2.30699610710144;poziom światła;światło
2024-11-26 00:00:00;;;poziom światła;światło
2024-11-26 00:00:00;;;poziom światła;światło
2024-11-26 00:00:00;;;poziom światła;światło
2024-11-26 00:00:00;;;poziom światła;światło
2024-11-26 00:00:00;;;poziom światła;światło
2024-11-26 00:00:00;464966.0;5.80086708068848;poziom światła;światło
2024-11-26 00:00:00;;;poziom światła;światło
2024-11-26 00:00:00;464968.0;4.77413368225098;poziom światła;światło
2024-11-26 00:00:00;464969.0;6.83925437927246;poziom światła;światło
2024-11-26 00:00:00;;;poziom światła;światło
2024-11-26 00:00:00;;;poziom światła;światło
2024-11-26 00:00:00;464972.0;5.80086708068848;poziom światła;światło
2024-11-26 00:00:00;;;poziom światła;światło
2024-11-26 00:00:00;464974.0;4.39301586151123;poziom światła;światło
2024-11-26 00:00:00;;;poziom światła;światło
2024-11-26 00:00:00;;;poziom światła;światło
2024-11-26 00:00:00;;;poziom światła;światło
2024-11-26 00:00:00;;;poziom światła;światło
2024-11-26 00:00:00;464979.0;3.88092303276062;poziom światła;światło
2024-11-26 00:00:00;464980.0;1.50973105430603;poziom światła;światło
2024-11-26 00:00:00;;;poziom światła;światło
2024-11-26 00:00:00;464982.0;5.29645538330078;poziom światła;światło
2024-11-26 00:00:00;464983.0;3.65427017211914;poziom światła;światło
2024-11-26 00:00:00;;;poziom światła;światło
2024-11-26 00:00:00;;;poziom światła;światło
2024-11-26 00:00:00;;;poziom światła;światło
2024-11-26 00:00:00;;;poziom światła;światło
2024-11-26 00:00:00;;;poziom światła;światło
2024-11-26 00:00:00;;;poziom światła;światło
2024-11-26 00:00:00;;;poziom światła;światło
2024-11-26 00:00:00;;;poziom światła;światło
2024-11-26 00:00:00;;;poziom światła;światło
2024-11-26 00:00:00;464993.0;2.06775689125061;poziom światła;światło
2024-11-26 00:00:00;;;poziom światła;światło
2024-11-26 00:00:00;;;poziom światła;światło
2024-11-26 00:00:00;;;poziom światła;światło
2024-11-26 00:00:00;;;poziom światła;światło
2024-11-26 00:00:00;;;poziom światła;światło
2024-11-26 00:00:00;;;poziom światła;światło
2024-11-26 00:00:00;465000.0;1.06249630451202;poziom światła;światło
2024-11-26 00:00:00;;;poziom światła;światło
2024-11-26 00:00:00;465002.0;1.41049599647522;poziom światła;światło
2024-11-26 00:00:00;;;poziom światła;światło
2024-11-26 00:00:00;;;poziom światła;światło
2024-11-26 00:00:00;;;poziom światła;światło
2024-11-26 00:00:00;465006.0;0.957177579402924;poziom światła;światło
2024-11-26 00:00:00;;;poziom światła;światło
2024-11-26 00:00:00;;;poziom światła;światło
2024-11-26 00:00:00;;;poziom światła;światło
2024-11-26 00:00:00;;;poziom światła;światło
2024-11-26 00:00:00;;;poziom światła;światło
2024-11-26 00:00:00;465012.0;0.900996804237366;poziom światła;światło
2024-11-26 00:00:00;465013.0;2.38317346572876;poziom światła;światło
2024-11-26 00:00:00;465014.0;2.45756959915161;poziom światła;światło
2024-11-26 00:00:00;;;poziom światła;światło
2024-11-26 00:00:00;;;poziom światła;światło
2024-11-26 00:00:00;465017.0;0.875896334648132;poziom światła;światło
2024-11-26 00:00:00;;;poziom światła;światło
2024-11-26 00:00:00;;;poziom światła;światło
2024-11-26 00:00:00;465020.0;2.24462461471558;poziom światła;światło
2024-11-26 00:00:00;465021.0;2.23810315132141;poziom światła;światło
2024-11-26 00:00:00;465022.0;2.23810315132141;poziom światła;światło
2024-11-26 00:00:00;465023.0;6.70653200149536;poziom światła;światło
2024-11-26 00:00:00;;;poziom światła;światło
2024-11-26 00:00:00;;;poziom światła;światło
2024-11-26 00:00:00;;;poziom światła;światło
2024-11-26 00:00:00;;;poziom światła;światło
2024-11-26 00:00:00;;;poziom światła;światło
2024-11-26 00:00:00;465029.0;4.23572778701782;poziom światła;światło
2024-11-26 00:00:00;;;poziom światła;światło
2024-11-26 00:00:00;;;poziom światła;światło
2024-11-26 00:00:00;;;poziom światła;światło
2024-11-26 00:00:00;;;poziom światła;światło
2024-11-26 00:00:00;465034.0;3.19714283943176;poziom światła;światło
2024-11-26 00:00:00;;;poziom światła;światło
2024-11-26 00:00:00;465036.0;6.39396953582764;poziom światła;światło
2024-11-26 00:00:00;;;poziom światła;światło
2024-11-26 00:00:00;;;poziom światła;światło
2024-11-26 00:00:00;;;poziom światła;światło
2024-11-26 00:00:00;;;poziom światła;światło
2024-11-26 00:00:00;;;poziom światła;światło
2024-11-26 00:00:00;;;poziom światła;światło
2024-11-26 00:00:00;465043.0;1.74062991142273;poziom światła;światło
2024-11-26 00:00:00;;;poziom światła;światło
2024-11-26 00:00:00;;;poziom światła;światło
2024-11-26 00:00:00;;;poziom światła;światło
2024-11-26 00:00:00;;;poziom światła;światło
2024-11-26 00:00:00;465048.0;1.06249630451202;poziom światła;światło
2024-11-26 00:00:00;465049.0;1.50973105430603;poziom światła;światło
2024-11-26 00:00:00;465050.0;2.06775689125061;poziom światła;światło
2024-11-26 00:00:00;;;poziom światła;światło
2024-11-26 00:00:00;;;poziom światła;światło
2024-11-26 00:00:00;465053.0;1.87633156776428;poziom światła;światło
2024-11-26 00:00:00;;;poziom światła;światło
2024-11-26 00:00:00;465055.0;0.84935849905014;poziom światła;światło
2024-11-26 00:00:00;;;poziom światła;światło
2024-11-26 00:00:00;465057.0;0.996029675006866;poziom światła;światło
2024-11-26 00:00:00;;;poziom światła;światło
2024-11-26 00:00:00;465059.0;1.33113157749176;poziom światła;światło
2024-11-26 00:00:00;;;poziom światła;światło
2024-11-26 00:00:00;465061.0;0.788569092750549;poziom światła;światło
2024-11-26 00:00:00;;;poziom światła;światło
2024-11-26 00:00:00;465063.0;2.14502787590027;poziom światła;światło
2024-11-26 00:00:00;465064.0;1.1434805393219;poziom światła;światło
2024-11-26 00:00:00;;;poziom światła;światło
2024-11-26 00:00:00;;;poziom światła;światło
2024-11-26 00:00:00;;;poziom światła;światło
2024-11-26 00:00:00;;;poziom światła;światło
2024-11-26 00:00:00;;;poziom światła;światło
2024-11-26 00:00:00;;;poziom światła;światło
2024-11-26 00:00:00;;;poziom światła;światło
2024-11-26 00:00:00;465072.0;1.60967993736267;poziom światła;światło
2024-11-26 00:00:00;465073.0;2.69687247276306;poziom światła;światło
2024-11-26 00:00:00;;;poziom światła;światło
2024-11-26 00:00:00;;;poziom światła;światło
2024-11-26 00:00:00;;;poziom światła;światło
2024-11-26 00:00:00;;;poziom światła;światło
2024-11-26 00:00:00;;;poziom światła;światło
2024-11-26 00:00:00;;;poziom światła;światło
2024-11-26 00:00:00;465080.0;0.866496205329895;poziom światła;światło
2024-11-26 00:00:00;;;poziom światła;światło
2024-11-26 00:00:00;465082.0;2.35320734977722;poziom światła;światło
2024-11-26 00:00:00;465083.0;3.86249256134033;poziom światła;światło
2024-11-26 00:00:00;;;poziom światła;światło
2024-11-26 00:00:00;;;poziom światła;światło
2024-11-26 00:00:00;;;poziom światła;światło
2024-11-26 00:00:00;;;poziom światła;światło
2024-11-26 00:00:00;465088.0;6.85278654098511;poziom światła;światło
2024-11-26 00:00:00;465089.0;5.03268766403198;poziom światła;światło
2024-11-26 00:00:00;465090.0;6.92899322509766;poziom światła;światło
2024-11-26 00:00:00;;;poziom światła;światło
2024-11-26 00:00:00;;;poziom światła;światło
2024-11-26 00:00:00;465093.0;4.10581493377686;poziom światła;światło
2024-11-26 00:00:00;;;poziom światła;światło
2024-11-26 00:00:00;;;poziom światła;światło
2024-11-26 00:00:00;465096.0;6.54751491546631;poziom światła;światło
2024-11-26 00:00:00;465097.0;6.05933713912964;poziom światła;światło
2024-11-26 00:00:00;;;poziom światła;światło
